{
    "config": {
        "model_name": "ljvmiranda921/msde-sft-dev",
        "model_dtype": null,
        "model_size": null
    },
    "results": {
        "belebele_ceb_mcf": {
            "acc": 0.45666666666666667,
            "acc_stderr": 0.016613188209796733
        },
        "cebuaner_ceb_mcf": {
            "acc": 0.46106870229007635,
            "acc_stderr": 0.013777794438940394
        },
        "readability_ceb_mcf": {
            "acc": 0.2914285714285714,
            "acc_stderr": 0.024324569817395655
        },
        "firecs_fil_mcf": {
            "acc": 0.5596730245231608,
            "acc_stderr": 0.005794772490761179
        },
        "include_tgl_mcf:culturology": {
            "acc": 0.7241379310344828,
            "acc_stderr": 0.03144712581678241
        },
        "include_tgl_mcf:driving_license": {
            "acc": 0.5733333333333334,
            "acc_stderr": 0.05749526681132723
        },
        "include_tgl_mcf:history": {
            "acc": 0.6120689655172413,
            "acc_stderr": 0.04543897455287122
        },
        "include_tgl_mcf:language": {
            "acc": 0.5566037735849056,
            "acc_stderr": 0.048481318229754794
        },
        "include_tgl_mcf:_average": {
            "acc": 0.6165360008674907,
            "acc_stderr": 0.045715671352683916
        },
        "sib200_tgl_mcf": {
            "acc": 0.40404040404040403,
            "acc_stderr": 0.0495687273804262
        },
        "sib200_ceb_mcf": {
            "acc": 0.5959595959595959,
            "acc_stderr": 0.04956872738042619
        },
        "tlunifiedner_tgl_mcf": {
            "acc": 0.3825205826472451,
            "acc_stderr": 0.012234469643763483
        },
        "universalner_ceb_mcf": {
            "acc": 0.8163265306122449,
            "acc_stderr": 0.05589005688828227
        },
        "universalner_tgl_mcf": {
            "acc": 0.8571428571428571,
            "acc_stderr": 0.0471841613625583
        }
    },
    "versions": {},
    "category_scores": {
        "CLASSICAL_NLP": 39.67206742713665,
        "READING_COMPREHENSION": 49.85014161361982,
        "GENERATION": 50.24853817453732,
        "CULTURAL_KNOWLEDGE": 49.197442347507945
    },
    "filbench_score": 47.242047390700435
}