{
    "config": {
        "model_name": "ljvmiranda921/msde-sft-dev",
        "model_dtype": null,
        "model_size": null
    },
    "results": {
        "belebele_ceb_mcf": {
            "acc": 0.46555555555555556,
            "acc_stderr": 0.016636317277419568
        },
        "cebuaner_ceb_mcf": {
            "acc": 0.683969465648855,
            "acc_stderr": 0.012850293778656027
        },
        "readability_ceb_mcf": {
            "acc": 0.3028571428571429,
            "acc_stderr": 0.024596147453680252
        },
        "firecs_fil_mcf": {
            "acc": 0.4606267029972752,
            "acc_stderr": 0.0058183632636106455
        },
        "include_tgl_mcf:culturology": {
            "acc": 0.7044334975369458,
            "acc_stderr": 0.032104944337514575
        },
        "include_tgl_mcf:driving_license": {
            "acc": 0.4,
            "acc_stderr": 0.05694947974514993
        },
        "include_tgl_mcf:history": {
            "acc": 0.5603448275862069,
            "acc_stderr": 0.046284423314938775
        },
        "include_tgl_mcf:language": {
            "acc": 0.5566037735849056,
            "acc_stderr": 0.048481318229754794
        },
        "include_tgl_mcf:_average": {
            "acc": 0.5553455246770146,
            "acc_stderr": 0.045955041406839515
        },
        "sib200_tgl_mcf": {
            "acc": 0.6060606060606061,
            "acc_stderr": 0.04935824351078519
        },
        "sib200_ceb_mcf": {
            "acc": 0.6161616161616161,
            "acc_stderr": 0.04912566964083466
        },
        "tlunifiedner_tgl_mcf": {
            "acc": 0.4756174794173528,
            "acc_stderr": 0.012571859171293507
        },
        "universalner_ceb_mcf": {
            "acc": 0.8775510204081632,
            "acc_stderr": 0.047314380079059706
        },
        "universalner_tgl_mcf": {
            "acc": 0.8571428571428571,
            "acc_stderr": 0.0471841613625583
        }
    },
    "versions": {},
    "category_scores": {
        "CLASSICAL_NLP": 40.748034140170795,
        "READING_COMPREHENSION": 50.38433603255335,
        "GENERATION": 50.3456262053494,
        "CULTURAL_KNOWLEDGE": 49.21012202992564
    },
    "filbench_score": 47.672029601999796
}