{"config": {"model_name": "ljvmiranda921/msde-sft-dev", "model_dtype": null, "model_size": null}, "results": {"belebele_ceb_mcf": {"acc": 0.49777777777777776, "acc_stderr": 0.016675768947734138}, "cebuaner_ceb_mcf": {"acc": 0.6564885496183206, "acc_stderr": 0.01312545488573602}, "readability_ceb_mcf": {"acc": 0.29714285714285715, "acc_stderr": 0.0244626479548368}, "firecs_fil_mcf": {"acc": 0.5299727520435967, "acc_stderr": 0.00582599147005903}, "include_tgl_mcf:culturology": {"acc": 0.7438423645320197, "acc_stderr": 0.0307127300709826}, "include_tgl_mcf:driving_license": {"acc": 0.5333333333333333, "acc_stderr": 0.05799451149344531}, "include_tgl_mcf:history": {"acc": 0.6724137931034483, "acc_stderr": 0.04376552980994349}, "include_tgl_mcf:language": {"acc": 0.6226415094339622, "acc_stderr": 0.04730439022852894}, "include_tgl_mcf:_average": {"acc": 0.6430577501006909, "acc_stderr": 0.04494429040072509}, "sib200_tgl_mcf": {"acc": 0.6868686868686869, "acc_stderr": 0.0468475702186087}, "sib200_ceb_mcf": {"acc": 0.6464646464646465, "acc_stderr": 0.04829206502361188}, "tlunifiedner_tgl_mcf": {"acc": 0.5611146295123496, "acc_stderr": 0.012492456584701044}, "universalner_ceb_mcf": {"acc": 0.9387755102040817, "acc_stderr": 0.03460372440370037}, "universalner_tgl_mcf": {"acc": 0.9107142857142857, "acc_stderr": 0.038450387280282494}}, "versions": {}, "category_scores": {"CLASSICAL_NLP": 42.26923218523024, "READING_COMPREHENSION": 51.358026302499084, "GENERATION": 53.086361602528825, "CULTURAL_KNOWLEDGE": 52.209065681380935}, "filbench_score": 49.73067144290977}