{"config": {"model_name": "ljvmiranda921/msde-sft-dev", "model_dtype": null, "model_size": null}, "results": {"belebele_ceb_mcf": {"acc": 0.4111111111111111, "acc_stderr": 0.016410297014042757}, "cebuaner_ceb_mcf": {"acc": 0.6557251908396946, "acc_stderr": 0.013132388856570155}, "readability_ceb_mcf": {"acc": 0.2257142857142857, "acc_stderr": 0.022377802328956597}, "firecs_fil_mcf": {"acc": 0.42970027247956405, "acc_stderr": 0.005778511111674207}, "include_tgl_mcf:culturology": {"acc": 0.5763546798029556, "acc_stderr": 0.03476725747649038}, "include_tgl_mcf:driving_license": {"acc": 0.5466666666666666, "acc_stderr": 0.05787010410349155}, "include_tgl_mcf:history": {"acc": 0.5172413793103449, "acc_stderr": 0.04659751204773625}, "include_tgl_mcf:language": {"acc": 0.5, "acc_stderr": 0.04879500364742666}, "include_tgl_mcf:_average": {"acc": 0.5350656814449918, "acc_stderr": 0.047007469318786216}, "sib200_tgl_mcf": {"acc": 0.37373737373737376, "acc_stderr": 0.04887069039502488}, "sib200_ceb_mcf": {"acc": 0.45454545454545453, "acc_stderr": 0.050298485015680745}, "tlunifiedner_tgl_mcf": {"acc": 0.694743508549715, "acc_stderr": 0.011592876343904565}, "universalner_ceb_mcf": {"acc": 0.9183673469387755, "acc_stderr": 0.03952023822660627}, "universalner_tgl_mcf": {"acc": 0.625, "acc_stderr": 0.06527912098338669}}, "versions": {}, "category_scores": {"CLASSICAL_NLP": 42.77167786876784, "READING_COMPREHENSION": 51.09279150767773, "GENERATION": 52.93363489770594, "CULTURAL_KNOWLEDGE": 52.76004373552948}, "filbench_score": 49.88953700242025}