{"model_name":"meta-llama\/Llama-3.1-8B-Instruct","global_mmlu_lite_de":0.42,"global_mmlu_lite_de_stderr":0.0247088307,"global_mmlu_lite_es":0.505,"global_mmlu_lite_es_stderr":0.0250300571,"global_mmlu_lite_ja":0.5,"global_mmlu_lite_ja_stderr":0.0250313087,"mgsm_de":0.16,"mgsm_de_stderr":0.0232327148,"mgsm_es":0.136,"mgsm_es_stderr":0.0217233426,"mgsm_ja":0.124,"mgsm_ja_stderr":0.0208863823,"mrewardbench_de":0.4879259246,"mrewardbench_de_stderr":0.0003615563,"mrewardbench_es":0.5183729698,"mrewardbench_es_stderr":0.0003662966,"mrewardbench_ja":0.5119041311,"mrewardbench_ja_stderr":0.0003641623}
{"model_name":"CohereLabs\/aya-expanse-32b","global_mmlu_lite_de":0.6425,"global_mmlu_lite_de_stderr":0.0239931982,"global_mmlu_lite_es":0.5625,"global_mmlu_lite_es_stderr":0.0248349817,"global_mmlu_lite_ja":0.635,"global_mmlu_lite_ja_stderr":0.024101654,"mgsm_de":0.192,"mgsm_de_stderr":0.024960692,"mgsm_es":0.204,"mgsm_es_stderr":0.0255371216,"mgsm_ja":0.184,"mgsm_ja_stderr":0.024555813,"mrewardbench_de":0.5022278185,"mrewardbench_de_stderr":0.0003530087,"mrewardbench_es":0.5229215112,"mrewardbench_es_stderr":0.0003641879,"mrewardbench_ja":0.5119041311,"mrewardbench_ja_stderr":0.0003641623}
{"model_name":"google\/gemma-3-12b-it","global_mmlu_lite_de":0.58,"global_mmlu_lite_de_stderr":0.0247088307,"global_mmlu_lite_es":0.5675,"global_mmlu_lite_es_stderr":0.0248021621,"global_mmlu_lite_ja":0.4075,"global_mmlu_lite_ja_stderr":0.0245992313,"mgsm_de":0.256,"mgsm_de_stderr":0.0276571087,"mgsm_es":0.24,"mgsm_es_stderr":0.0270652937,"mgsm_ja":0.208,"mgsm_ja_stderr":0.0257213989,"mrewardbench_de":0.5696295292,"mrewardbench_de_stderr":0.0003408041,"mrewardbench_es":0.5557202929,"mrewardbench_es_stderr":0.0003700598,"mrewardbench_ja":0.5135933203,"mrewardbench_ja_stderr":0.0003667492}
{"model_name":"google\/gemma-3-27b-it","global_mmlu_lite_de":0.525,"global_mmlu_lite_de_stderr":0.025,"global_mmlu_lite_es":0.5825,"global_mmlu_lite_es_stderr":0.0246882188,"global_mmlu_lite_ja":0.5725,"global_mmlu_lite_ja_stderr":0.0247667692,"mgsm_de":0.356,"mgsm_de_stderr":0.0303436807,"mgsm_es":0.376,"mgsm_es_stderr":0.0306963363,"mgsm_ja":0.308,"mgsm_ja_stderr":0.0292569286,"mrewardbench_de":0.5750263506,"mrewardbench_de_stderr":0.0003255175,"mrewardbench_es":0.6124111076,"mrewardbench_es_stderr":0.0003257493,"mrewardbench_ja":0.5233506965,"mrewardbench_ja_stderr":0.000363537}
{"model_name":"google\/gemma-3-4b-it","global_mmlu_lite_de":0.4775,"global_mmlu_lite_de_stderr":0.0250059517,"global_mmlu_lite_es":0.3725,"global_mmlu_lite_es_stderr":0.0242038,"global_mmlu_lite_ja":0.3925,"global_mmlu_lite_ja_stderr":0.0244459277,"mgsm_de":0.088,"mgsm_de_stderr":0.0179530848,"mgsm_es":0.1,"mgsm_es_stderr":0.0190117275,"mgsm_ja":0.06,"mgsm_ja_stderr":0.0150501171,"mrewardbench_de":0.4955803245,"mrewardbench_de_stderr":0.000347802,"mrewardbench_es":0.5209067536,"mrewardbench_es_stderr":0.0003676074,"mrewardbench_ja":0.5152825095,"mrewardbench_ja_stderr":0.0003677631}
{"model_name":"ibm-granite\/granite-4.0-1b","global_mmlu_lite_de":0.4475,"global_mmlu_lite_de_stderr":0.0248929412,"global_mmlu_lite_es":0.48,"global_mmlu_lite_es_stderr":0.0250112757,"global_mmlu_lite_ja":0.4175,"global_mmlu_lite_ja_stderr":0.0246882188,"mgsm_de":0.096,"mgsm_de_stderr":0.0186689614,"mgsm_es":0.12,"mgsm_es_stderr":0.0205936006,"mgsm_ja":0.084,"mgsm_ja_stderr":0.0175787385,"mrewardbench_de":0.5646485198,"mrewardbench_de_stderr":0.0003543978,"mrewardbench_es":0.5503686376,"mrewardbench_es_stderr":0.0003460494,"mrewardbench_ja":0.5503426058,"mrewardbench_ja_stderr":0.0003531287}
{"model_name":"ibm-granite\/granite-4.0-micro","global_mmlu_lite_de":0.54,"global_mmlu_lite_de_stderr":0.02495108,"global_mmlu_lite_es":0.59,"global_mmlu_lite_es_stderr":0.0246224626,"global_mmlu_lite_ja":0.4725,"global_mmlu_lite_ja_stderr":0.0249934202,"mgsm_de":0.22,"mgsm_de_stderr":0.0262517928,"mgsm_es":0.204,"mgsm_es_stderr":0.0255371216,"mgsm_ja":0.152,"mgsm_ja_stderr":0.0227520245,"mrewardbench_de":0.5519676014,"mrewardbench_de_stderr":0.0003516868,"mrewardbench_es":0.5629493851,"mrewardbench_es_stderr":0.0003431718,"mrewardbench_ja":0.5141541578,"mrewardbench_ja_stderr":0.0003673453}
{"model_name":"meta-llama\/Llama-3.1-70B-Instruct","global_mmlu_lite_de":0.6825,"global_mmlu_lite_de_stderr":0.0233043366,"global_mmlu_lite_es":0.71,"global_mmlu_lite_es_stderr":0.022716516,"global_mmlu_lite_ja":0.6675,"global_mmlu_lite_ja_stderr":0.0235849528,"mgsm_de":0.3,"mgsm_de_stderr":0.0290408935,"mgsm_es":0.344,"mgsm_es_stderr":0.0301045034,"mgsm_ja":0.292,"mgsm_ja_stderr":0.0288143204,"mrewardbench_de":0.6061121626,"mrewardbench_de_stderr":0.0003261066,"mrewardbench_es":0.572381122,"mrewardbench_es_stderr":0.0003535743,"mrewardbench_ja":0.5451370923,"mrewardbench_ja_stderr":0.0003595964}
