{
  "n_components": 6,
  "r2_score": 0.6212773782967728,
  "explained_variance_ratio": [
    0.4216504965427752,
    0.22099275667512308,
    0.1651606489210642,
    0.12556046481531438,
    0.03470802047759879,
    0.03192761256812452
  ],
  "cumulative_variance": [
    0.4216504965427752,
    0.6426432532178983,
    0.8078039021389625,
    0.9333643669542768,
    0.9680723874318756,
    1.0000000000000002
  ],
  "coefficients": [
    -0.00832812166257771,
    -0.03031206362587096,
    -0.0063957114126287976,
    -0.037860963001984126,
    0.037336287705761306,
    -0.0569690318749851
  ],
  "intercept": 0.40066168174482764,
  "feature_names": [
    "prompts_distinct_ri",
    "responses_distinct_ri",
    "average_perplexity",
    "average_rubric_score",
    "prompts_average_length",
    "responses_average_length"
  ],
  "pca_components": [
    [
      0.0731258982216794,
      0.578747427329212,
      -0.5781238818076732,
      0.5141727375375211,
      -0.07877578468501448,
      -0.234302299120494
    ],
    [
      0.6539729153861835,
      -0.0975010710561891,
      -0.036814768003398994,
      -0.23669923983557234,
      0.3879462608347156,
      -0.5957590188210933
    ],
    [
      0.00799815918023312,
      -0.017156644467102494,
      0.01667178054170629,
      0.3544016211693001,
      0.8375167938902248,
      0.41512509150656907
    ],
    [
      0.7436949295795483,
      0.1110685724348513,
      0.21114382136220852,
      0.18199548262546,
      -0.33215725735540824,
      0.4965371197862022
    ],
    [
      0.011685912839108355,
      -0.6597674372312768,
      0.07458446550268436,
      0.6780954346805912,
      -0.17093690241566714,
      -0.2645272813415388
    ],
    [
      -0.11700149383269777,
      0.45565481127702484,
      0.7835782960753155,
      0.2471104662216299,
      0.04806065107894155,
      -0.31830957984691294
    ]
  ]
}