{
  "best_model": "Quadratic",
  "n_components": 6,
  "r2_score": 0.8309671396338625,
  "explained_variance_ratio": [
    0.4216504965427752,
    0.22099275667512308,
    0.1651606489210642,
    0.12556046481531438,
    0.03470802047759879,
    0.03192761256812452
  ],
  "cumulative_variance": [
    0.4216504965427752,
    0.6426432532178983,
    0.8078039021389625,
    0.9333643669542768,
    0.9680723874318756,
    1.0000000000000002
  ],
  "feature_names": [
    "prompts_distinct_ri",
    "responses_distinct_ri",
    "average_perplexity",
    "average_rubric_score",
    "prompts_average_length",
    "responses_average_length"
  ],
  "pca_components": [
    [
      0.0731258982216794,
      0.578747427329212,
      -0.5781238818076732,
      0.5141727375375211,
      -0.07877578468501448,
      -0.234302299120494
    ],
    [
      0.6539729153861835,
      -0.0975010710561891,
      -0.036814768003398994,
      -0.23669923983557234,
      0.3879462608347156,
      -0.5957590188210933
    ],
    [
      0.00799815918023312,
      -0.017156644467102494,
      0.01667178054170629,
      0.3544016211693001,
      0.8375167938902248,
      0.41512509150656907
    ],
    [
      0.7436949295795483,
      0.1110685724348513,
      0.21114382136220852,
      0.18199548262546,
      -0.33215725735540824,
      0.4965371197862022
    ],
    [
      0.011685912839108355,
      -0.6597674372312768,
      0.07458446550268436,
      0.6780954346805912,
      -0.17093690241566714,
      -0.2645272813415388
    ],
    [
      -0.11700149383269777,
      0.45565481127702484,
      0.7835782960753155,
      0.2471104662216299,
      0.04806065107894155,
      -0.31830957984691294
    ]
  ],
  "coefficients": [
    -22.441538779150747,
    -2.813866953668003,
    3.9074977826667014,
    11.735272486709093,
    9.291496204808496,
    33.80915459269331,
    -5.357134677219908,
    2.312121091922648,
    -7.239170954016577,
    -4.150534116666886,
    -12.910927941054348,
    6.661316225671335,
    0.1754193075631208,
    -0.535844757283122,
    -1.3761538934060913,
    -1.1852509190862013,
    -3.6004601829929848,
    0.23050973861349525,
    2.8560023733029896,
    1.3146225986827418,
    10.06665543068823,
    2.2519641880033228,
    5.798227782250802,
    8.470459642048668,
    1.769575291167742,
    18.536157651897913,
    0.7323622913852473
  ],
  "intercept": 11.287315224928948
}